Pattern,Responses,,,
How are you feeling today,"I'm feeling pretty good, thanks for asking.",,,
I've been feeling really down lately. I don't know what to do., I'm sorry to hear that you're feeling this way. It's important to remember that you're not alone. Have you considered reaching out to a trusted friend or family member to talk about what you're going through?,,,
I can't seem to find any motivation to do anything anymore. Everything feels pointless.,"I understand how you feel. Depression can make even simple tasks feel overwhelming. It might be helpful to break things down into smaller steps and celebrate each accomplishment, no matter how small.",,,
I'm having trouble sleeping at night. My mind won't stop racing with negative thoughts.," I'm sorry to hear that you're struggling with sleep. It's common for depression to disrupt sleep patterns. Have you tried any relaxation techniques, like deep breathing or meditation, to help calm your mind before bed?",,,
I don't see the point in seeking help. Nothing ever seems to make a difference.,"It's understandable to feel discouraged, but it's important to remember that there are people who want to help you feel better. Therapy or counseling can provide support and strategies for coping with depression. Would you like some resources to help you find a therapist?",,,
I feel like such a burden to everyone around me.,"It's common for depression to make you feel this way, but it's important to remember that you are not a burden. Your loved ones care about you and want to support you through this difficult time. Have you talked to them about how you're feeling?",,,
I don't know if I'll ever feel better. This darkness feels never-ending.,"It can be hard to see a way out when you're in the midst of depression, but it's important to hold onto hope. Recovery is possible, and many people find relief with the right treatment and support. Have you considered reaching out to a mental health professional for help?",,,
How are you feeling today?,"I'm doing okay, just trying to take things one step at a time. How about you?",,,
I'm feeling a bit overwhelmed lately.,"I understand, it's completely normal to feel that way sometimes. Is there anything specific that's been bothering you?",,,
Do you have any tips for managing stress?,"Sure! Taking deep breaths, going for a walk, or even just talking to someone about how you're feeling can help. What usually works for you?",,,
I can't seem to focus with all this stress.,It can be tough to concentrate when you're feeling overwhelmed. Maybe try breaking tasks into smaller steps or taking short breaks to clear your mind.Prompt: I'm worried about the future.,,,
I'm worried about the future.,"It's understandable to feel uncertain about what's ahead. Remember, it's okay to take things one day at a time and focus on what you can control right now.",,,
I feel like I'm constantly on edge.,"That sounds exhausting. Have you tried any relaxation techniques, like meditation or progressive muscle relaxation?",,,
I don't know how to stop worrying about everything.,It can be tough to break the cycle of worry. Sometimes writing down your concerns or talking them through with someone you trust can help put things into perspective.,,,
I wish I could just relax for once.,"Finding moments of relaxation can be challenging, but it's important for your well-being. Is there something you enjoy doing that helps you unwind, like listening to music or reading?",,,
I feel like I'm always comparing myself to others.,"It's easy to fall into the trap of comparison, but everyone's journey is different. Remember to focus on your own progress and accomplishments.",,,
I don't know how to deal with all this pressure.,"Pressure can feel overwhelming, but it's important to remember that it's okay to ask for help or take a step back when you need to. What's been causing the most pressure for you lately?",,,
What is your favorite way to relax after a long day,"I like to unwind with a good book or by watching my favorite TV show. | Taking a long, hot bath always helps me de-stress.",,,
How do you handle unexpected changes to your schedule,I try to adapt and rearrange my plans accordingly to minimize stress. | Deep breathing exercises help me stay calm and focused when things don't go as planned.,,,
What's your go-to comfort food when you're feeling stressed,I love indulging in a bowl of macaroni and cheese or some warm chocolate chip cookies. | Nothing beats a slice of pizza or a big bowl of ice cream when I need some comfort.,,,
Do you find exercise helpful for reducing stress,"Definitely, going for a run or hitting the gym helps me clear my mind and feel more relaxed. | Yoga or a brisk walk in nature always helps me feel calmer and more centered.",,,
How do you prioritize tasks when you're feeling overwhelmed," I make a to-do list and tackle the most important tasks first to ease my stress. | I break down larger tasks into smaller, more manageable steps to avoid feeling overwhelmed.",,,
What's your favorite way to spend time outdoors and destress,I enjoy going for hikes or picnics in the park to connect with nature and recharge. | Gardening or simply sitting outside and enjoying the fresh air helps me relax and unwind.,,,
How do you manage your workload when it feels too heavy,I prioritize tasks and delegate when possible to lighten the load and reduce stress. | Taking short breaks throughout the day and practicing time management techniques help me stay productive without burning out.,,,
What do you do to calm your mind before going to bed, I like to meditate or do some gentle stretching exercises to relax my body and mind. | Writing in a journal or practicing gratitude helps me let go of any worries and sleep better.,,,
How do you deal with conflicts in your personal relationships,I try to communicate openly and listen to the other person's perspective to resolve conflicts peacefully. | Taking a step back and giving myself time to cool off before addressing the issue helps me approach conflicts more calmly.,,,
What's your favorite way to pamper yourself and relieve stress,Treating myself to a spa day or getting a massage helps me feel rejuvenated and relaxed. | I enjoy taking long baths with scented candles or indulging in a DIY skincare routine to unwind.,,,
How do you handle financial stress,I create a budget and prioritize expenses to manage financial stress effectively. | Seeking support from a financial advisor or exploring ways to increase income helps me feel more in control of my finances.,,,
What's your strategy for staying organized and reducing stress,"I use planners or digital apps to keep track of deadlines and appointments, which helps me stay organized and less stressed. | Decluttering my workspace and breaking tasks into smaller, manageable chunks help me stay focused and avoid feeling overwhelmed.",,,
How do you cope with feeling overwhelmed by social obligations,I set boundaries and prioritize events that are most important to me to avoid feeling overwhelmed by social obligations. | Scheduling downtime for myself and practicing self-care helps me recharge and better enjoy social interactions without feeling stressed.,,,
What's your favorite way to practice mindfulness and reduce stress,"I enjoy practicing mindfulness meditation or deep breathing exercises to stay grounded and reduce stress. | Engaging in activities like painting, knitting, or playing music helps me stay present and calm my mind.",,,
How do you handle perfectionism and its associated stress,I remind myself that nobody's perfect and focus on progress rather than perfection to reduce stress. | Setting realistic goals and practicing self-compassion help me overcome perfectionism and manage stress more effectively.,,,
What strategies do you use to manage work-related stress,"I prioritize tasks, set boundaries, and practice time management to reduce work-related stress. | Taking regular breaks, seeking support from colleagues, and practicing mindfulness help me stay balanced and cope with work-related stress.",,,
How do you cope with feelings of loneliness or isolation,"I reach out to friends or family members for support and make an effort to engage in social activities to combat loneliness. | Volunteering, joining clubs or groups with similar interests, and seeking professional help if needed help me feel more connected and less isolated.",,,
What's your favorite way to unwind during your lunch break,"I like to go for a walk, listen to music, or practice deep breathing exercises to recharge and reduce stress. | Reading a book, journaling, or enjoying a healthy meal away from my desk helps me relax and refocus for the rest of the day.",,,
How do you handle feelings of anxiety before important events or presentations,I practice visualization techniques and positive self-talk to calm my nerves and boost my confidence before important events. | Engaging in relaxation exercises like progressive muscle relaxation or listening to calming music helps me manage anxiety and perform better during presentations.,,,
What's your strategy for dealing with time pressure and deadlines,"I break tasks into smaller, more manageable chunks and prioritize my time effectively to meet deadlines without feeling overwhelmed. | Setting realistic expectations, asking for help when needed, and practicing self-compassion help me stay focused and productive under time pressure.",,,
How do you handle feeling overwhelmed by household chores and responsibilities,"I create a cleaning schedule and break chores into smaller tasks to make them more manageable and reduce stress. | Delegating tasks to family members or roommates, or hiring help when possible, helps me lighten the load and avoid feeling overwhelmed by household responsibilities.",,,
What's your favorite way to practice self-care and prioritize your well-being,"I make time for activities I enjoy, like reading, painting, or going for a hike, to prioritize my well-being and reduce stress. | Practicing self-compassion, setting boundaries, and saying no when necessary help me prioritize self-care and maintain balance in my life.",,,
How do you handle feeling stuck or unmotivated,"I take a break, go for a walk, or do something enjoyable to refresh my mind and regain motivation. | Setting small, achievable goals, and celebrating progress along the way helps me overcome feelings.",,,
What are common symptoms of stress,"Headaches, fatigue, irritability. | Muscle tension, sleep disturbances, lack of concentration.",,,
How does stress affect physical health,Increases risk of cardiovascular diseases. | Weakens immune system function.,,,
What role does exercise play in stress management,"Helps release endorphins, reducing stress. | Provides a healthy outlet for pent-up energy and tension.",,,
Can stress affect relationships,"Yes, it can lead to conflicts and misunderstandings. | Stress can cause individuals to withdraw emotionally. | Journaling thoughts and feelings.",,,
What strategies can help cope with stress,Deep breathing exercises.,,,
How does stress impact work performance,Decreases productivity and concentration. | Increases the likelihood of making mistakes.,,,
Is there a link between stress and insomnia,"Yes, stress can disrupt sleep patterns | Stress-induced anxiety may prevent falling asleep",,,
Can stress lead to weight gain?,"Yes, stress hormones can increase appetite. | Emotional eating is a common response to stress.",,,
Does stress affect decision-making abilities,"Yes, it can impair judgment. | Stress may lead to rash or impulsive decisions.",,,
How does stress impact mental health? ,Increases the risk of anxiety and depression. | Can exacerbate existing mental health conditions.,,,
What role does social support play in stress management, Strong social connections can buffer against stress . | Talking to friends or family can provide perspective,,,
Can stress affect memory,"Yes, chronic stress can impair memory function. | Stress hormones can interfere with memory retrieval.",,,
How does stress impact the digestive system, Stress can lead to stomachaches and indigestion. |  Increases the risk of gastrointestinal issues like ulcers.,,,
Is there a connection between stress and skin conditions,"Yes, stress can exacerbate conditions like acne or eczema. | Stress hormones may trigger flare-ups in skin conditions.",,,
Can stress affect fertility,"Yes, chronic stress may disrupt reproductive hormones. | Stress can impact libido and menstrual cycles.",,,
What role does mindfulness play in stress management,Helps individuals stay present and reduce anxiety. |  Promotes acceptance of difficult emotions without judgment.,,,
Does stress affect blood pressure,"Yes, it can elevate blood pressure temporarily. | Prolonged stress may contribute to hypertension.",,,
How does stress influence eating habits, Leads to either overeating or loss of appetite. | Emotional eating patterns may develop as a coping mechanism.,,,
Can stress impact sexual function,"Yes, it can lead to decreased libido. | Stress-induced fatigue may affect sexual performance.",,,
What role does time management play in stress reduction,Effective time management can reduce feelings of overwhelm. |Helps prioritize tasks and create a sense of control.  ,,,
Is there a connection between stress and hair loss,,,,| Severe stress may trigger conditions like alopecia.
Can stress lead to burnout," Yes, chronic stress without relief can result in burnout. | Overwhelm and exhaustion are common symptoms of burnout.",,,
How does stress affect the perception of pain, Increases sensitivity to pain. | Chronic stress can amplify chronic pain conditions.,,,
What role does communication play in stress management,Open communication can reduce misunderstandings and conflicts. | Expressing feelings can provide relief and support.,,,
Can stress affect academic performance,"Yes, it can impair concentration and memory retention. | Stress may lead to procrastination and poor study habits.",,,
How does stress impact the immune system,Prolonged stress weakens immune function. | Increases susceptibility to infections and illnesses.,,,
Is there a connection between stress and heart health,"Yes, chronic stress is a risk factor for heart disease. | Stress can contribute to hypertension and heart rhythm abnormalities.",,,
Can stress lead to substance abuse,"Yes, individuals may turn to substances to cope with stress. | Alcohol or drug use can temporarily alleviate stress symptoms.",,,
How does stress influence decision-making under pressure,Increases impulsivity and risk-taking behaviors. |  Impairs logical reasoning and problem-solving skills.,,,
What role does self-care play in stress management, Prioritizing self-care activities can reduce stress levels. |  Engaging in hobbies and relaxation techniques promotes well-being.,,,
Can stress affect menstrual cycles,"Yes, stress can cause irregularities in menstrual cycles. | Hormonal imbalances due to stress may lead to missed periods.",,,
How does stress impact mood,Increases irritability and mood swings. | Can lead to feelings of sadness or hopelessness.,,,
Is there a link between stress and financial problems,"Yes, financial stress can exacerbate overall stress levels. |  Worrying about money can lead to anxiety and sleep disturbances.",,,
Can stress affect vision,"Yes, stress can cause eye strain and blurry vision. | Prolonged stress may worsen conditions like dry eye syndrome.",,,
